"menu_id","parent_id","menu_name","menu_code","menu_action","location"
1,null,"Администрирование","null","","Smart Remont"
2,1,"Ведение ролей","null","/system/menu-list/","Smart Remont"
4,1,"Ведение пользователей","null","/system/employee-list/","Smart Remont"
10,1,"Привилегии пользователей","null","/system/employee-group/","Smart Remont"
15,null,"Справочники","null","","Smart Remont"
17,15,"Типы материлов","null","/dict/material-type-list/","Smart Remont"
18,15,"Список работ","null","/dict/work-list/","Smart Remont"
21,null,"Материалы поставщиков","null","","Smart Remont"
22,15,"Опции","null","/dict/addition-list/","Smart Remont"
23,15,"Комнаты","null","/dict/room-list/","Smart Remont"
24,15,"Чек-лист","null","/dict/check-list/","Smart Remont"
25,null,"Ремонты","null","","Smart Remont"
35,null,"Ведение клиентов","null","/system/client-list/","Smart Remont"
36,null,"Конструктор сметы","null","","Smart Remont"
37,36,"Поверхности","null","/constructor/work-set/","Smart Remont"
38,36,"Подборы","null","/dict/preset-kit-list/","Smart Remont"
39,36,"Пресеты","null","/constructor/preset/","Smart Remont"
40,15,"Наборы материалов","null","/dict/material-set-list/","Smart Remont"
41,15,"Жилые комплексы","null","/dict/resident-list/","Smart Remont"
42,36,"Опции","null","/constructor/option-list/","Smart Remont"
43,36,"Пресет опции","null","/constructor/preset-option/","Smart Remont"
44,null,"Заявки на ремонт","null","","Smart Remont"
45,44,"Создана","null","/dict/client-request-list/client_request_status_id/1/","Smart Remont"
46,44,"Принята","null","/dict/client-request-list/client_request_status_id/2/","Smart Remont"
47,44,"ДДУ","null","/dict/client-request-list/client_request_status_id/3/","Smart Remont"
48,44,"Договор заключен","null","/dict/client-request-list/client_request_status_id/4/","Smart Remont"
49,44,"Оплачено","null","/dict/client-request-list/client_request_status_id/5/","Smart Remont"
50,44,"В ремонте","null","/dict/client-request-list/client_request_status_id/6/","Smart Remont"
51,44,"Отказано","null","/dict/client-request-list/client_request_status_id/7/","Smart Remont"
52,null,"Обращения клиентов","null","/dict/client-message-list/is_processed/0/","Smart Remont"
53,52,"Отправлено","null","/dict/client-message-list/is_processed/0/","Smart Remont"
54,null,"Отчеты","null","","Smart Remont"
55,54,"Общий список доставок материалов по всем квартирам","null","/contractor/material-shipping/","Smart Remont"
56,54,"График отгрузки материалов за период","null","/provider/material-shipment-graph/","Smart Remont"
60,15,"Этапы ГПР","null","/dict/gpr-stage-list/","Smart Remont"
105,1,"Ведение процедур","null","/system/func-list/","Smart Remont"
106,null,"Заявки","null","","Smart Remont"
107,106,"В процессе","null","/techproject/techproject-request-list/is_completed/0/status_id/1/","Smart Remont"
108,25,"Начат","null","/dict/remont-list/remont_status_id/1/","Smart Remont"
109,25,"Закончен","null","/dict/remont-list/remont_status_id/2/","Smart Remont"
110,25,"Отменен","null","/dict/remont-list/remont_status_id/3/","Smart Remont"
111,null,"Заявки поставщикам (П)","null","/dict/provider-request-list/type/not_shipped/","Smart Remont"
112,111,"Все","null","/dict/provider-request-list/type/all/","Smart Remont"
118,52,"Обработано","null","/dict/client-message-list/is_processed/1/","Smart Remont"
119,54,"Платежи от клиентов","null","/dict/all-remont-payment-list/","Smart Remont"
120,15,"Параметры комнат","null","/dict/param-list/","Smart Remont"
121,106,"Утвержден","null","/techproject/techproject-request-list/is_completed/1/status_id/2/","Smart Remont"
122,108,"Встреча на объекте","null","/dict/remont-list/remont_status_id/1/stage_id/1/","Smart Remont"
123,108,"Проект ремонта","null","/dict/remont-list/remont_status_id/1/stage_id/2/","Smart Remont"
124,108,"Черновая электрика и сантехника","null","/dict/remont-list/remont_status_id/1/stage_id/3/","Smart Remont"
125,108,"Стены, потолки, пол и кафель","null","/dict/remont-list/remont_status_id/1/stage_id/4/","Smart Remont"
126,108,"Ламинат, обои, плинтус","null","/dict/remont-list/remont_status_id/1/stage_id/5/","Smart Remont"
127,108,"Сдача клиенту","null","/dict/remont-list/remont_status_id/1/stage_id/6/","Smart Remont"
128,108,"Нет этапа","null","/dict/remont-list/remont_status_id/1/stage_id/0/","Smart Remont"
129,15,"Пресеты","null","/dict/preset-list/","Smart Remont"
139,25,"Гарантия","null","/dict/remont-list/remont_status_id/4/","Smart Remont"
141,15,"Точки продаж","null","/dict/sale-point-list/","Smart Remont"
142,54,"Заявки поставщикам по материалам","null","/provider/provider-requests-materials/","Smart Remont"
153,15,"Продукты","null","/dict/product-list/","Smart Remont"
162,null,"Синхронизация","null","","Smart Remont"
164,54,"Отчет по завершению этапа","null","/dict/report-completed-stage/","Smart Remont"
165,54,"Назначение ОКК по ЖК и кв","null","/dict/report-stage-ready/","Smart Remont"
166,162,"Версии мобильного приложения (ОКК)","null","/dict/mobile-app-version-list/what/okk/","Smart Remont"
171,1,"Настройки","null","/dict/setting-list/","Smart Remont"
172,15,"Категории продуктов","null","/dict/product-category-list/","Smart Remont"
184,1,"Ведение типов сообщений","null","/system/message-type-list/","Smart Remont"
187,15,"Слои","null","/dict/layer-edit/","Smart Remont"
188,54,"Отчёт о заказанных материалах","null","/dict/report-requested-materials/","Smart Remont"
189,15,"Наборы продуктов","null","/dict/product-set-list/","Smart Remont"
190,1,"Чаты по должностям","null","/system/position-chat/","Smart Remont"
191,54,"Оплата подрядчику по завершению этапа","null","/dict/report-contractor-completed-stage/","Smart Remont"
193,1,"Статусы по этапам для должностей","null","/system/position-mark-list/","Smart Remont"
195,54,"Текущая загруженность подрядчиков","null","/dict/report-contractor-capacity/","Smart Remont"
196,54,"Текущее состояние по сроком работ","null","/dict/report-current-state-work-duration/","Smart Remont"
197,54,"Акт сверки","null","/dict/akt-sverki-list/","Smart Remont"
198,null,"Финансы","null","","Smart Remont"
202,299,"Ожидает оплаты","null","","Smart Remont"
205,299,"Принят к оплате","null","","Smart Remont"
206,299,"Оплачено","null","","Smart Remont"
211,202,"Клиенты","null","/dict/finance-client-payment-list/payment_status/1/","Smart Remont"
216,237,"Согласование Производственного отдела","null","/dict/anketa-list/anketa_status_id/2/","Smart Remont"
217,44,"Все","null","/dict/client-request-list/client_request_status_id/-1/","Smart Remont"
221,54,"Будущие объемы ремонтов","null","/dict/report-contractor-future-capacity/","Smart Remont"
222,54,"История проверок ОКК по этапам ","null","/dict/report-for-okk/","Smart Remont"
224,54,"Отчет для ОП","null","/dict/report-for-sales-department/","Smart Remont"
226,54,"Загруженность ОКК","null","/dict/report-for-okk-workload/","Smart Remont"
227,54,"История проверок ОКК по этапам ","null","/dict/report-for-okk-check-history/","Smart Remont"
228,null,"Заявки на продукты","null","","Smart Remont"
230,535,"Отправлен","null","/dict/product-request-list/product_request_status_code/send/","Smart Remont"
237,null,"Анкета  подрядчиков","null","","Smart Remont"
238,237,"Принято","null","/dict/anketa-list/anketa_status_id/1/","Smart Remont"
256,null,"Уведомления","null","","Smart Remont"
257,256,"Уведомления","null","/notification/notification-list/","Smart Remont"
259,54,"Отчет по задолженности клиента в ремонте","null","/dict/report-client-debt-remont/","Smart Remont"
260,256,"Чаты","null","/notification/chat-list/","Smart Remont"
275,54,"Отчет по неотгруженным материалам","null","/dict/report-provider-not-shipped-request/","Smart Remont"
278,1,"Безопасность","null","/system/device-list/","Smart Remont"
302,54,"Отчёт об устранении замечаний","null","/dict/report-open-remont-defect/","Smart Remont"
304,36,"Порядок работ по ГПР","null","/remont/work-set-order-gpr/","Smart Remont"
306,null,"CRM","null","","Smart Remont"
310,null,"Журнал Договоров","null","","Smart Remont"
311,310,"Все договора","null","/dict/contractor-agreement-list/type/all/","Smart Remont"
316,15,"Застройщики","null","/dict/home-builder-list/","Smart Remont"
317,306,"Отделы BIG","null","/crm/department-list/","Smart Remont"
318,306,"Сотрудники BIG","null","/crm/big-employee-list/","Smart Remont"
320,null,"Гарантия","null","/guarantee/guarantee-loader/","Smart Remont"
325,15,"Статьи затрат","null","/dict/payment-costs-type-list/","Smart Remont"
326,null,"Лендинг","null","","Smart Remont"
330,15,"Справочник дверей","null","/remont/material-door-depent-form/","Smart Remont"
333,839,"Доступы ЖК","null","/dict/employee-resident-list/","Smart Remont"
335,320,"Все","null","/guarantee/guarantee-loader/grt_status_id/0/","Smart Remont"
336,320,"Создана","null","/guarantee/guarantee-loader/grt_status_id/1/","Smart Remont"
337,320,"Обратная связь с клиентом","null","/guarantee/guarantee-loader/grt_status_id/100/","Smart Remont"
338,320,"Выезд и составление ДА","null","/guarantee/guarantee-loader/grt_status_id/200/","Smart Remont"
339,320,"В работе","null","/guarantee/guarantee-loader/grt_status_id/300/","Smart Remont"
341,320,"Выполнено","null","/guarantee/guarantee-loader/grt_status_id/500/","Smart Remont"
344,320,"Отказано","null","/guarantee/guarantee-loader/grt_status_id/600/","Smart Remont"
349,533,"Клининг (Контрагент)","null","/dict/cleaning-list/","Smart Remont"
351,15,"Справочник выходных","null","/dict/holiday-list/","Smart Remont"
359,306,"Справочник причин отказа","null","/crm/deny-reason-list/","Smart Remont"
362,306,"Справочник источников лида","null","/crm/origin-list/","Smart Remont"
363,54,"Отчет по технике","null","/report/report-tech/","Smart Remont"
370,237,"Доработка Производственного отдела","null","/dict/anketa-list/anketa_status_id/3/","Smart Remont"
371,237,"Согласование Юр. отдела","null","/dict/anketa-list/anketa_status_id/4/","Smart Remont"
372,237,"Доработка Юр. отдела","null","/dict/anketa-list/anketa_status_id/5/","Smart Remont"
373,237,"Отказано","null","/dict/anketa-list/anketa_status_id/6/","Smart Remont"
374,237,"Согласовано","null","/dict/anketa-list/anketa_status_id/7/","Smart Remont"
378,36,"Эталонные квартиры","null","/dict/etalon-list/","Smart Remont"
379,106,"Проверка аудитора","null","/techproject/techproject-request-list/is_completed/0/status_id/3/","Smart Remont"
380,null,"Анкеты мастеров","null","","Smart Remont"
381,380,"Принято","null","/dict/anketa-master-list/is_checked/0/","Smart Remont"
382,380,"Отработано","null","/dict/anketa-master-list/is_checked/1/","Smart Remont"
383,null,"Склад","null","","Smart Remont"
384,383,"Большие заявки","null","/warehouse/big-request-list/","Smart Remont"
385,383,"Приходы","null","/warehouse/lot-list/","Smart Remont"
386,383,"Отпуск со склада","null","/warehouse/release-list/","Smart Remont"
387,383,"Закрытие периодов","null","/warehouse/close-period-list/","Smart Remont"
388,383,"Остатки на складе","null","/warehouse/inventory-list/","Smart Remont"
389,383,"Перемещения","null","/warehouse/warehouse-provider-request-move-list/","Smart Remont"
390,54,"Отчеты для руководителей(Гарантия)","null","/dict/report-for-management-grt/","Smart Remont"
391,54,"Отчет по замечаниям ОКК","null","/dict/check-list-report-okk-form/","Smart Remont"
397,15,"Черный список контрагентов","null","/dict/contragent-black-list/","Smart Remont"
398,320,"Завершено","null","/guarantee/guarantee-loader/grt_status_id/700/","Smart Remont"
400,54,"Отчет по платежам","null","/dict/report-client-request-payment-form/","Smart Remont"
401,15,"Справочник по работам","null","/dict/option-work-price-form/","Smart Remont"
403,198,"Реализации ремонтов","null","/dict/remont-realisation-list/","Smart Remont"
404,15,"Справочник красок","null","/dict/material-paint-form/","Smart Remont"
406,44,"Расторжен","null","/dict/client-request-list/client_request_status_id/8/","Smart Remont"
407,54,"Отчет по оплатам Поставщикам","null","/dict/report-provider-payment/","Smart Remont"
429,383,"Трансфер","null","/warehouse/transfer-list/","Smart Remont"
431,15,"Справочник высоты дверей","null","/dict/material-additional-setting-list/","Smart Remont"
432,15,"Цены пресетов для разработчиков тех проекта","null","/dict/techproject-developer-preset-price-list/","Smart Remont"
436,null,"Материалы","null","","Smart Remont"
441,36,"Материалы в пресетах","null","/constructor/pm-edit/","Smart Remont"
442,54,"Отчёт по законченным ремонтам","null","/dict/report-completed-remont/","Smart Remont"
448,436,"Базовые операции","null","/material/material-list/","Smart Remont"
451,237,"Все","null","/dict/anketa-list/anketa_status_id/0/","Smart Remont"
452,54,"Отчёт по изменённым материалам клиента","null","/techproject/report-changed-material-list/","Smart Remont"
457,456,"Приходы","null","/material/material-atom-change-lot/","Smart Remont"
458,320,"Заявки от клиентов","null","/guarantee/guarantee-loader/grt_status_id/-1/","Smart Remont"
459,456,"Конфликты","null","/material/close-period-conflict/","Smart Remont"
460,456,"Отпуски","null","/material/material-atom-change-release/","Smart Remont"
488,383,"Инвентаризация","null","/warehouse/inventory-date-list/","Smart Remont"
489,383,"Отчеты","null","","Smart Remont"
490,489,"Нет на складе","null","/warehouse/report-out-of-stock/","Smart Remont"
495,383,"Электронное табло для склада","null","/dict/tablo-for-wh-form/","Smart Remont"
500,54,"Отчет по материалам для прораба","null","/dict/report-manager-project-material/","Smart Remont"
505,489,"Отчет остатки на складе","null","/warehouse/report-warehouse-material-balance/","Smart Remont"
508,489,"Отчет по закрытию дня","null","/warehouse/report-move-list/","Smart Remont"
509,383,"Отчеты по складу","null","/warehouse/report-list/","Smart Remont"
510,15,"Загрузка рендеров","null","/dict/visual-render/","Smart Remont"
511,54,"Отчет ФО по подрядчикам","null","/dict/report-for-finance-contractor/","Smart Remont"
512,15,"Стандарты для ТО","null","/dict/standart-document-list/","Smart Remont"
514,503,"Конверсия","null","/crm/crm-conversion-report/","Smart Remont"
515,503,"Отчет по маркетингу","null","/dict/report-for-marketing/","Smart Remont"
521,15,"Справочник характеристик","null","/dict/characteristic-list/","Smart Remont"
525,44,"KPI","null","","Smart Remont"
526,525,"Личный кабинет хантера","null","/crm/hanters-plan-fact-form/","Smart Remont"
527,525,"График менеджеров","null","/crm/manager-graphic-form/","Smart Remont"
528,525,"KPI","null","/dict/kpi-list/","Smart Remont"
530,null,"CMS","null","","Smart Remont"
531,530,"Баннеры","null","/landing/front-banner-list/","Smart Remont"
533,15,"Справочник контрагентов","null","","Smart Remont"
534,530,"Почему мы ?","null","/landing/front-why-we-list/","Smart Remont"
535,228,"Продукты","null","","Smart Remont"
536,228,"Кухня","null","","Smart Remont"
538,536,"Предоплата получена","null","/dict/product-request-list/product_request_status_code/payed_half/","Smart Remont"
545,530,"Наш ремонт в деталях","null","/landing/front-remont-details-list/","Smart Remont"
551,530,"Конструктор ремонта","null","/landing/front-constructor-remont-list/","Smart Remont"
552,536,"Все","null","/dict/product-request-list/product_request_status_code/kitchen_all/","Smart Remont"
553,530,"Отзывы","null","/landing/front-reviews-list/","Smart Remont"
554,530,"FAQ","null","/landing/front-faq-list/","Smart Remont"
555,530,"Как мы работаем - Этапы","null","/landing/front-stage-list/","Smart Remont"
556,530,"Точки продаж","null","/landing/front-sale-point-list/","Smart Remont"
557,530,"Шоу-румы","null","/landing/front-show-room-list/","Smart Remont"
558,530,"Подборы","null","/landing/preset-kit-info-list/","Smart Remont"
559,530,"Блог","null","/landing/front-blog-list/","Smart Remont"
560,530,"Отличие пакетов","null","/landing/front-pack-diff-item-list/","Smart Remont"
561,530,"Отличие пакетов","null","/landing/front-pack-diff-item-list/","Smart Remont"
562,null,"Заявка без ремонта","null","","Smart Remont"
563,562,"Создана","null","/dict/client-request-list/remarket_request_status_id/1/","Smart Remont"
570,562,"Все","null","/dict/client-request-list/remarket_request_status_id/-2/","Smart Remont"
571,54,"Отчёт по столешницам ZOV","null","/dict/report-tabletop-request/","Smart Remont"
572,null,"Быстрый поиск","null","/dict/remont-fast-info/","Smart Remont"
576,15,"Группы работ","null","/wset/wset-list/","Smart Remont"
577,749,"Тип работ","null","/dict/partner-work-list/","Smart Remont"
579,503,"Отчет по NPS","null","/crm/nps-report/","Smart Remont"
582,15,"Группы работ по пресетам","null","/wset/wset-preset-list/","Smart Remont"
584,null,"Канбан","null","","Smart Remont"
585,584,"Справочник досок","null","/kanban/board-list/","Smart Remont"
586,584,"Доски","null","/kanban/boards/","Smart Remont"
587,null,"Партнеры","null","","Модуль для подрядчиков"
588,587,"Настройки","null","settings","Модуль для подрядчиков"
589,653,"Отчет ОКК","null","reportOkkStage","Модуль для подрядчиков"
590,671,"Список оплат по ремонтам","null","reportCostPayment","Модуль для подрядчиков"
591,671,"Расшифровка оплаты подрядчику","null","reportPartnerPayment","Модуль для подрядчиков"
592,653,"Отчет по тех.особенностям","null","reportAddWorks","Модуль для подрядчиков"
593,653,"Отчет по ремонтам","null","reportTable","Модуль для подрядчиков"
594,653,"Отчет по отгрузке материалов","null","reportMaterialShip","Модуль для подрядчиков"
595,672,"Мастера","null","mastersPage","Модуль для подрядчиков"
596,672,"Пакеты с работами","null","presetsList","Модуль для подрядчиков"
597,670,"Начат","null","remontsPage","Модуль для подрядчиков"
598,672,"Тарифы","null","tariffs","Модуль для подрядчиков"
599,587,"Обращения","null","problems","Модуль для подрядчиков"
601,54,"Отчет для логистики","null","/dict/report-for-logistics/","Smart Remont"
615,54,"Отчет по заказанным материалам","null","/dict/report-for-requested-materials/","Smart Remont"
616,198,"Отчет по реализациям ремонтов","null","/finance/report-remont-realisation/","Smart Remont"
619,653,"Отчеты для руководителей","null","executiveReport","Модуль для подрядчиков"
620,15,"Акции","null","/dict/sale-list/","Smart Remont"
621,54,"Отчет ДС","null","/dict/report-ds-unaccepted/","Smart Remont"
624,1,"Ведение прав","null","/system/user-right/","Smart Remont"
625,671,"Платежи","null","payments","Модуль для подрядчиков"
632,672,"Получатели","null","recipients","Модуль для подрядчиков"
633,36,"Группы ворксетов","null","/constructor/work-set-grouping/","Smart Remont"
634,1,"Шаблоны документов","null","/dict/document-template-list/","Smart Remont"
635,36,"Параметры по комнатам","null","/dict/room-param-list/","Smart Remont"
638,null,"Партнер","null","","Smart Remont"
640,null,"Заявки на услуги","null","/dict/provider-request-list/type/service/","Smart Remont"
647,640,"Все","null","/dict/provider-request-list/type/service/","Smart Remont"
650,54,"Отчет по заявкам поставщику(Услуги)","null","/report/report-provider-request-service/","Smart Remont"
651,653,"Отчет по доп.работам","null","additionalWorksReport","Модуль для подрядчиков"
653,587,"Отчеты","null","","Модуль для подрядчиков"
660,54,"Расхождение по смете","null","/dict/difference-smeta-report/","Smart Remont"
662,436,"Заявки на смену материала на альтернативу","null","/dict/analog-request-list/","Smart Remont"
663,530,"Документы","null","/landing/front-constructor-document-list/","Smart Remont"
664,587,"Журнал договоров","null","contractJournal","Модуль для подрядчиков"
665,15,"Справочник классификаций","null","/dict/material-group-list/","Smart Remont"
666,436,"Классификация материалов по пресетам","null","/dict/preset-material-group-form/","Smart Remont"
667,653,"Отчет по выполненным работам","null","worksReport","Модуль для подрядчиков"
668,383,"Скрипты для закрытия периода","null","/warehouse/close-period-page/","Smart Remont"
669,587,"Поиск по материалам","null","materialSearch","Модуль для подрядчиков"
670,587,"Ремонты","null","","Модуль для подрядчиков"
671,587,"Оплаты","null","","Модуль для подрядчиков"
672,587,"Списки","null","","Модуль для подрядчиков"
673,670,"Гарантия","null","remontsPage","Модуль для подрядчиков"
674,670,"Закончен","null","remontsPage","Модуль для подрядчиков"
675,670,"Отменен","null","remontsPage","Модуль для подрядчиков"
676,670,"Список ремонтов","null","remontList","Модуль для подрядчиков"
677,383,"Возврат поставщику","null","/warehouse/refund-provider-list/","Smart Remont"
678,383,"Возврат материала с ЖК","null","/warehouse/refund-flat-list/","Smart Remont"
679,null,"Дефектный акт","null","","Smart Remont"
680,679,"Чеклисты и параметры","null","/defect/check-param-list/","Smart Remont"
681,679,"Чеклисты застройщика","null","/defect/link-list/","Smart Remont"
684,679,"Дефектные акты","null","/defect/defect-list/defect_type_id/1/","Smart Remont"
685,36,"Проверка","null","","Smart Remont"
686,685,"Проверка корректности материалов и наборов в пресетах","null","/dict/constr-material-check-report/","Smart Remont"
687,436,"Материалы в ремонтах","null","/dict/material-remonts/","Smart Remont"
688,36,"Площади эталонных квартир","null","/constructor/etalon-flat-area/","Smart Remont"
689,679,"АПП ЧО","null","/defect/defect-list/defect_type_id/2/","Smart Remont"
691,36,"Подборы материалов пресета","null","/dict/preset-material-kit-list/","Smart Remont"
692,36,"Пресеты по классам ЖК","null","/dict/resident-class-preset-form/","Smart Remont"
695,36,"Минимальные параметры","null","/dict/min-standard-param-list/","Smart Remont"
696,44,"Поиск по Session","null","/dict/client-request-session/","Smart Remont"
697,383,"Инвентаризация","null","/warehouse/inventory/","Smart Remont"
698,54,"Отчет по накладным","null","/dict/report-provider-request-invoice/","Smart Remont"
699,36,"Подборы конструктива","null","/dict/work-set-preset-kit-list/","Smart Remont"
700,54,"Генератор отчетов","null","/report/report-list/","Smart Remont"
701,700,"Отчеты","null","/report/report-view/","Smart Remont"
702,700,"Настройки отчетов","null","/report/report-list/","Smart Remont"
703,54,"Отчет загрузок документов ОКК ЧО","null","/report/report-for-docs-okk/","Smart Remont"
704,671,"Отчет по ожидаемым оплатам","null","reportExpectedPayments","Модуль для подрядчиков"
705,653,"Отчет по этапам","null","reportStages","Модуль для подрядчиков"
706,null,"Fulfillment","null","","Smart Remont"
707,706,"Заявки поставщикам","null","/ff/request-list/","Smart Remont"
713,21,"Материалы поставщиков SR","null","/dict/material-provider-list/fulfillment_code/SR/","Smart Remont"
714,21,"Материалы поставщиков FF","null","/dict/material-provider-list/fulfillment_code/FULFILLMENT/","Smart Remont"
715,436,"Список материалов (ОЗ)","null","/material/material-zakup-list/","Smart Remont"
716,436,"Список материалов (СО)","null","/material/material-smetniy-list/","Smart Remont"
717,436,"Список материалов (Конструктор)","null","/material/material-constructor-list/","Smart Remont"
720,54,"Отчёт по принятию ЖК","null","/dict/report-resident-draft/","Smart Remont"
721,679,"Консолидированные сметы","null","/defect/defect-smeta-list/","Smart Remont"
723,21,"Материалы поставщиков для Конструктора","null","/dict/material-provider-list-constructor/","Smart Remont"
724,671,"Оплата нач.дирекции","null","paymentReportsAll","Модуль для подрядчиков"
725,671,"Оплаты прорабам","null","prorabPaymentsReport","Модуль для подрядчиков"
732,null,"Смета","null","","Smart Remont"
734,36,"Классы планировок","null","/dict/planirovka-class-list/","Smart Remont"
735,671,"Штрафы","null","reportPenalty","Модуль для подрядчиков"
736,671,"Отчет по лимитам","null","reportLimit","Модуль для подрядчиков"
738,15,"Грейды","null","/dict/grade-list/","Smart Remont"
745,21,"Изменения цен материалов поставщиков","null","/dict/mp-buffer-price-list/","Smart Remont"
746,36,"Привязка поверхностей","null","/constructor/work-set-rel-list/","Smart Remont"
747,489,"Отчет по недостающим остаткам","null","/warehouse/report-zakup-material/","Smart Remont"
749,null,"Тарифы","null","","Smart Remont"
750,757,"Пакеты работ","null","/dict/work-pack-list/","Smart Remont"
751,757,"Цены пакетов подрядов","null","/dict/work-pack-contractor-price-list/","Smart Remont"
752,587,"Бригады","null","teams","Модуль для подрядчиков"
753,757,"Конструктивы пакетов работ","null","/dict/work-pack-detail/","Smart Remont"
754,21,"Материалы поставщиков для подрядчика","null","/dict/material-provider-list/fulfillment_code/CONTRACTOR/","Smart Remont"
755,759,"Доходы","null","accountingIncomes","Модуль для подрядчиков"
756,759,"Расходы","null","accountingCosts","Модуль для подрядчиков"
757,749,"Пакеты подрядов","null","","Smart Remont"
759,587,"Учет","null","","Модуль для подрядчиков"
760,306,"Лимиты сделок","null","/dict/hunter-deal-limit-list/","Smart Remont"
762,299,"Отмена","null","","Smart Remont"
774,1,"Правила платежей","null","/dict/payment-rule-list/","Smart Remont"
775,587,"Все заявки","null","requests","Модуль для подрядчиков"
776,757,"Лимиты пакетов работ","null","/dict/work-pack-limit-list/","Smart Remont"
777,749,"Объем работ по наборам","null","/dict/material-set-work-list/","Smart Remont"
779,759,"Баланс ИП","null","contractors","Модуль для подрядчиков"
780,36,"Сроки работ по подборам","null","/dict/preset-kit-term-list/","Smart Remont"
781,36,"Надбавки подборов по комнатностям","null","/dict/preset-kit-room-price-list/","Smart Remont"
782,1,"Настройка и права на статусы заявок поставщику","null","/dict/pr-status-link/","Smart Remont"
831,null,"Аналитика / Прогноз","null","","Smart Remont"
832,831,"Ремонты по срокам","null","/dict/avg-remont-days-list/","Smart Remont"
835,759,"Долги","null","debts","Модуль для подрядчиков"
836,759,"Оплаты","null","brigadirCosts","Модуль для подрядчиков"
837,839,"Группы отчетов для руководителей","null","/mngreport/mng-report-group/","Smart Remont"
838,111,"Заявки поставщикам SR","null","/provider-request/request-list/","Smart Remont"
839,null,"Отчеты для руководителей","null","","Smart Remont"
840,839,"Настройки","null","/mngreport/mng-report-list/","Smart Remont"
841,530,"Памятки, видео","null","/landing/front-brief-list/","Smart Remont"
842,530,"О нас","null","/landing/about-list/","Smart Remont"
843,530,"Контрагенты","null","/landing/partner-list/","Smart Remont"
844,530,"Контакты","null","/landing/front-contact-info-list/","Smart Remont"
846,null,"Офис","null","null","MySpace"
847,898,"Ожидает оплаты","null","payments","MySpace"
848,15,"Абстрактные материалы","null","/material/abs-material-list/","Smart Remont"
862,null,"Поставщики","null","","Модуль для поставщиков"
863,839,"Доступы по группам","null","/mngreport/mng-report-group-list/","Smart Remont"
865,759,"Отчет расходов и доходов","null","remontsAccountingReport","Модуль для подрядчиков"
866,759,"Итоги","null","debtsAmount","Модуль для подрядчиков"
867,null,"Aдминистрирование","null","","Администрирование"
868,867,"Доступы","null","permissions","Администрирование"
869,867,"Сотрудники","null","userSettings","Администрирование"
870,862,"Главная","null","main","Модуль для поставщиков"
871,862,"Заявки","null","null","Модуль для поставщиков"
872,871,"Просроченные","null","requestsOverdue","Модуль для поставщиков"
874,871,"Активные","null","requestsActive","Модуль для поставщиков"
875,871,"Завершенные","null","requestsCompleted","Модуль для поставщиков"
878,871,"Появился на складе","null","requestsWaitShipping","Модуль для поставщиков"
879,871,"Нет в наличии","null","requestsNot","Модуль для поставщиков"
880,54,"Заявки с ручными планировками","null","/dict/manual-plan-request-list/","Smart Remont"
881,null,"Проверка по видам работ","null","","Smart Remont"
882,881,"Чеклисты по конструктивам","null","/dict/work-set-check-list/","Smart Remont"
883,881,"Группы конструктивов для чеклистов","null","/dict/work-set-check-group-list/","Smart Remont"
884,306,"Заявки на отказ","null","/dict/report-request-cancel-list/","Smart Remont"
885,306,"Возврат отказанных заявок","null","/dict/report-request-canceled-list/","Smart Remont"
886,867,"Сверка","null","compareDataOneC","Администрирование"
887,898,"Платежные поручения","null","financePayments","MySpace"
888,896,"Таймлайн","null","null","MySpace"
889,888,"Грейд","null","timelineGrade","MySpace"
890,888,"Ремонт","null","timelineRemont","MySpace"
894,36,"Конструктивы по ЖК/Планировакам","null","/constructor/resident-work-set-list/","Smart Remont"
895,839,"Действия по группам","null","/mngreport/action-list/","Smart Remont"
896,846,"Ремонты","null","null","MySpace"
898,846,"Финансы","null","null","MySpace"
899,15,"Шаблоны ДС","null","/dict/ds-template-list/","Smart Remont"
901,1,"Uncheck","null","/system/uncheck-list/","Smart Remont"
902,198,"Ручная корректировака долга","null","/dict/buh-correction-list/","Smart Remont"
903,198,"Ручные бухгалтерские операции","null","/dict/buh-manual-operation-list/","Smart Remont"
905,256,"Ручная отправка смс","null","/notification/sms-list/","Smart Remont"
906,896,"Быстрый поиск","null","quickSearch","MySpace"
907,15,"Параметры по фиксации периода в договорах","null","/dict/agreement-fix-price-list/","Smart Remont"
908,null,"Сервисы","null","","Smart Remont"
909,908,"Список и тарифы","null","/dict/service-list/","Smart Remont"
910,908,"Связка","null","/dict/service-link-list/","Smart Remont"
911,15,"Группы работ по грейдам","null","/wset/wset-grade-list/","Smart Remont"
912,846,"Справочники","null","handbook","MySpace"
913,912,"Конструктив","null","handbookWorksets","MySpace"
914,896,"Журнал Договоров","null","agreementsJournal","MySpace"
915,912,"Шаблоны уведомлений","null","handbookNoticeTemplates","MySpace"
916,912,"Поставщики","null","handbookProviders","MySpace"
917,912,"Договор поставщиков","null","handbookProvidersAgreement","MySpace"
918,912,"Файлы организации","null","handbookOrgFiles","MySpace"
919,924,"Мастера по услугам","null","handbookServiceMasters","MySpace"
921,54,"Отчет по завершению Групп работ","null","/dict/report-completed-check-group/","Smart Remont"
922,923,"Платежи","null","mastersPayments","Модуль для подрядчиков"
923,587,"Финансы","null","finance","Модуль для подрядчиков"
924,846,"Оплаты мастерам","null","null","MySpace"
925,923,"Ожидают оплаты","null","groupedMastersPayments","Модуль для подрядчиков"
926,923,"Подписанные документы","null","mastersPaymentsSignedDocs","Модуль для подрядчиков"
927,922,"Оплачен","null","mastersPayments","Модуль для подрядчиков"
928,922,"Отменен","null","mastersPayments","Модуль для подрядчиков"
929,922,"Подписан","null","mastersPayments","Модуль для подрядчиков"
931,653,"Отчет по оплате внешним мастерам","null","externalMasterPayments","Модуль для подрядчиков"
932,846,"Генератор отчетов","null","reportGenerator","MySpace"
933,846,"Ручное изменение данных","null","manualModifications","MySpace"
939,15,"Шаблоны документов","null","/dict/template-list/","Smart Remont"
940,653,"Отчет по оплатам мастерам","null","reportMasterPayments","Модуль для подрядчиков"
941,912,"Версии мобильных приложений","null","handbookMobileApps","MySpace"
942,846,"Отчеты для руководителей","null","executiveReports","MySpace"
943,846,"Канбан","null","kanban","MySpace"
944,587,"Канбан","null","kanban","Модуль для подрядчиков"
946,436,"Скидочные материалы","null","/material/promo-material-list/","Smart Remont"
947,888,"Справочник","null","null","MySpace"
948,947,"Действия","null","handbookGradeActions","MySpace"
949,947,"Действия в шаге","null","handbookStepActivities","MySpace"
950,947,"Шаги","null","handbookTimelineSteps","MySpace"
951,947,"Шаги в грейде","null","handbookGradeTimelineSteps","MySpace"
952,947,"Условия","null","handbookTimelineStepConditions","MySpace"
953,898,"Реализация","null","realization","MySpace"
954,587,"Примеры работ","null","ourWorks","Модуль для подрядчиков"
955,587,"Стандарты СМР","null","cmrStandards","Модуль для подрядчиков"
956,587,"Анкета","null","forContractors","Модуль для подрядчиков"
957,587,"Отправленные данные","null","contractorInfo","Модуль для подрядчиков"
961,111,"Планирование материалов поставщиком","null","/dict/shipping-plan-list/shipping_status/5/","Smart Remont"
962,846,"Заявки проектировщиков","null","techprojectRequests","MySpace"
963,862,"Планирование материалов поставщиком","null","shippingPlan","Модуль для поставщиков"
965,653,"Ремонты с юр датами по дате перехода на гарантию","null","jurDateWarranty","Модуль для подрядчиков"
967,436,"Свойства материалов","null","/material/prop-list/","Smart Remont"
969,436,"Категории материалов","null","/material/material-category-list/","Smart Remont"
970,null,"Рендеры","null","","Smart Remont"
971,970,"Типовые рендеры","null","/dict/render-standard-list/","Smart Remont"
972,970,"Уникальные рендеры","null","/dict/render-plan-list/","Smart Remont"
973,null,"Загрузка рендеров","null","/dict/render-edit/","Smart Remont"
974,970,"Загрузка рендеров","null","/dict/render-edit/","Smart Remont"
975,null,"Характеристики для ДДУ","null","","Smart Remont"
976,975,"Характеристики подборов","null","/dict/preset-kit-diff-list/","Smart Remont"
977,975,"Характеристики наборов","null","/dict/preset-material-diff-list/","Smart Remont"
978,null,"Цены материалов пресета","null","/dict/preset-material-price-list/","Smart Remont"
979,null,"Общие настройки меток","null","/dict/preset-label-type-list/","Smart Remont"
980,null,"Настройки меток подбора","null","/dict/preset-kit-label-form/","Smart Remont"
981,null,"Настройки меток материала","null","/dict/preset-material-label-form/","Smart Remont"
982,null,"Планировки","null","","Smart Remont"
983,982,"Разпознание ЖК","null","/warehouse/flat-image-resident-list/","Smart Remont"
984,982,"Планировки","null","/dict/plan-create-form/","Smart Remont"
985,912,"Подрядчики","null","handbookContractors","MySpace"
986,912,"Дизайн студии","null","handbookTechprojectDevelopers","MySpace"
988,null,"Комиссии","null","null","Smart Remont"
989,988,"Список и комиссии","null","/dict/fee-type-list/","Smart Remont"
990,988,"Связка комиссий","null","/dict/fee-type-link-list/","Smart Remont"
991,862,"Оплаты","null","payments","Модуль для поставщиков"
992,846,"Заявки поставщикам","null","providerRequests","MySpace"
993,587,"Диспетчер","null","dispatcher","Модуль для подрядчиков"
994,587,"Мобильное приложение","MOBILE_MAIN","null","Модуль для подрядчиков"
995,994,"Список ремонтов","null","remontList","Модуль для подрядчиков"
996,994,"Задачи","null","tasks","Модуль для подрядчиков"
997,996,"Не начат","null","tasks","Модуль для подрядчиков"
998,996,"Начат","null","tasks","Модуль для подрядчиков"
999,996,"На исправлении","null","tasks","Модуль для подрядчиков"
1000,996,"Отправлен на проверку","null","tasks","Модуль для подрядчиков"
1001,898,"Баланс","null","balances","MySpace"
1002,846,"Бронирование комнат Шоурума","null","roomBooking","MySpace"
1003,null,"Заложенные пакеты","null","/flat/flat-list/","Smart Remont"
1004,587,"Заявки подрядчику","null","remontRequestList","Модуль для подрядчиков"
1005,846,"Черновая","null","null","MySpace"
1006,912,"Шоу-румы","null","showrooms","MySpace"
1007,846,"Материалы поставщиков","null","materialProvider","MySpace"
1008,846,"Материалы","null","materials","MySpace"
1009,1005,"Буффер","null","bufferParams","MySpace"
1010,1005,"Схемы","null","residentialSettings","MySpace"
1011,912,"Справочник МОП","null","flatList","MySpace"
1012,1005,"Конструкции","null","null","MySpace"
1013,1012,"Тип конструкций","null","frameTypes","MySpace"
1014,1012,"Конструкции по ЖК","null","framesList","MySpace"
1015,1007,"Просмотр материалов поставщиков","null","materialProviderList","MySpace"
1016,1007,"Изменения цен материалов поставщиков","null","materialProvPriceChanges","MySpace"
1017,1005,"Смета по черновой","null","shellEstimates","MySpace"
1018,null,"Проекты","null","projects","Мастер"
1019,1005,"Проекты по черновой","null","shellProjects","MySpace"
1020,null,"Ссылки OpenSpace","null","openSpaceLinks","Мастер"
1021,1018,"Сводная таблица","null","projectsOverview","Мастер"
1022,1018,"Введение проектов","null","residentialSettings","Мастер"
1023,1005,"Параметры этажа","null","floorParams","MySpace"
1024,null,"Настройка пакетов","null","packageEntry","Мастер"
1025,912,"Фоновые задачи","null","cronJobs","MySpace"
1026,1005,"Буффер ревит","null","revitBufferParams","MySpace"
